Lenovo;Calle Manhattan;3333333;Dr Manhattan
Lenovo;Calle Manhattan;3333334;Dr Manhattan
Lenovo;Calle Manhattan;3333335;Dr Manhattan
Lenovo;Calle Manhattan;3333336;Dr Manhattan
Lenovo;Calle Manhattan;3333337;Dr Manhattan
Lenovo;Calle Manhattan;3333338;Dr Manhattan
Lenovo;Calle Manhattan;3333339;Dr Manhattan
Lenovo;Calle Manhattan;3333340;Dr Manhattan
Lenovo;Calle Manhattan;3333341;Dr Manhattan
Lenovo;Calle Manhattan;3333342;Dr Manhattan
Lenovo;Calle Manhattan;3333343;Dr Manhattan
Lenovo;Calle Manhattan;3333344;Dr Manhattan
Lenovo;Calle Manhattan;3333345;Dr Manhattan
Lenovo;Calle Manhattan;3333346;Dr Manhattan
Lenovo;Calle Manhattan;3333347;Dr Manhattan
Lenovo;Calle Manhattan;3333348;Dr Manhattan
Lenovo;Calle Manhattan;3333349;Dr Manhattan
Lenovo;Calle Manhattan;3333350;Dr Manhattan
Lenovo;Calle Manhattan;3333351;Dr Manhattan
Lenovo;Calle Manhattan;3333352;Dr Manhattan
Lenovo;Calle Manhattan;3333353;Dr Manhattan
Lenovo;Calle Manhattan;3333354;Dr Manhattan
Lenovo;Calle Manhattan;3333355;Dr Manhattan
Lenovo;Calle Manhattan;3333356;Dr Manhattan
Lenovo;Calle Manhattan;3333357;Dr Manhattan
Lenovo;Calle Manhattan;3333358;Dr Manhattan
Lenovo;Calle Manhattan;3333359;Dr Manhattan
Lenovo;Calle Manhattan;3333360;Dr Manhattan
Lenovo;Calle Manhattan;3333361;Dr Manhattan
Lenovo;Calle Manhattan;3333362;Dr Manhattan
Lenovo;Calle Manhattan;3333363;Dr Manhattan
Lenovo;Calle Manhattan;3333364;Dr Manhattan
Lenovo;Calle Manhattan;3333365;Dr Manhattan
Lenovo;Calle Manhattan;3333366;Dr Manhattan
Lenovo;Calle Manhattan;3333367;Dr Manhattan
Lenovo;Calle Manhattan;3333368;Dr Manhattan
Lenovo;Calle Manhattan;3333369;Dr Manhattan
Lenovo;Calle Manhattan;3333370;Dr Manhattan
Lenovo;Calle Manhattan;3333371;Dr Manhattan
Lenovo;Calle Manhattan;3333372;Dr Manhattan
Lenovo;Calle Manhattan;3333373;Dr Manhattan
Lenovo;Calle Manhattan;3333374;Dr Manhattan
Lenovo;Calle Manhattan;3333375;Dr Manhattan
Lenovo;Calle Manhattan;3333376;Dr Manhattan
Lenovo;Calle Manhattan;3333377;Dr Manhattan
Lenovo;Calle Manhattan;3333378;Dr Manhattan
Lenovo;Calle Manhattan;3333379;Dr Manhattan
Lenovo;Calle Manhattan;3333380;Dr Manhattan
Lenovo;Calle Manhattan;3333381;Dr Manhattan
Lenovo;Calle Manhattan;3333382;Dr Manhattan
Lenovo;Calle Manhattan;3333383;Dr Manhattan
Lenovo;Calle Manhattan;3333384;Dr Manhattan
Lenovo;Calle Manhattan;3333385;Dr Manhattan
Lenovo;Calle Manhattan;3333386;Dr Manhattan
Lenovo;Calle Manhattan;3333387;Dr Manhattan
Lenovo;Calle Manhattan;3333388;Dr Manhattan
Lenovo;Calle Manhattan;3333389;Dr Manhattan
Lenovo;Calle Manhattan;3333390;Dr Manhattan
Lenovo;Calle Manhattan;3333391;Dr Manhattan
Lenovo;Calle Manhattan;3333392;Dr Manhattan
Lenovo;Calle Manhattan;3333393;Dr Manhattan
Lenovo;Calle Manhattan;3333394;Dr Manhattan
Lenovo;Calle Manhattan;3333395;Dr Manhattan
Lenovo;Calle Manhattan;3333396;Dr Manhattan
Lenovo;Calle Manhattan;3333397;Dr Manhattan
Lenovo;Calle Manhattan;3333398;Dr Manhattan
Lenovo;Calle Manhattan;3333399;Dr Manhattan
Lenovo;Calle Manhattan;3333400;Dr Manhattan
Lenovo;Calle Manhattan;3333401;Dr Manhattan
Lenovo;Calle Manhattan;3333402;Dr Manhattan
Lenovo;Calle Manhattan;3333403;Dr Manhattan
Lenovo;Calle Manhattan;3333404;Dr Manhattan
Lenovo;Calle Manhattan;3333405;Dr Manhattan
Lenovo;Calle Manhattan;3333406;Dr Manhattan
Lenovo;Calle Manhattan;3333407;Dr Manhattan
Lenovo;Calle Manhattan;3333408;Dr Manhattan
Lenovo;Calle Manhattan;3333409;Dr Manhattan
Lenovo;Calle Manhattan;3333410;Dr Manhattan
Lenovo;Calle Manhattan;3333411;Dr Manhattan
Lenovo;Calle Manhattan;3333412;Dr Manhattan
Lenovo;Calle Manhattan;3333413;Dr Manhattan
Lenovo;Calle Manhattan;3333414;Dr Manhattan
Lenovo;Calle Manhattan;3333415;Dr Manhattan
Lenovo;Calle Manhattan;3333416;Dr Manhattan
Lenovo;Calle Manhattan;3333417;Dr Manhattan
Lenovo;Calle Manhattan;3333418;Dr Manhattan
Lenovo;Calle Manhattan;3333419;Dr Manhattan
Lenovo;Calle Manhattan;3333420;Dr Manhattan
Lenovo;Calle Manhattan;3333421;Dr Manhattan
Lenovo;Calle Manhattan;3333422;Dr Manhattan
Lenovo;Calle Manhattan;3333423;Dr Manhattan
Lenovo;Calle Manhattan;3333424;Dr Manhattan
Lenovo;Calle Manhattan;3333425;Dr Manhattan
Lenovo;Calle Manhattan;3333426;Dr Manhattan
Lenovo;Calle Manhattan;3333427;Dr Manhattan
Lenovo;Calle Manhattan;3333428;Dr Manhattan
Lenovo;Calle Manhattan;3333429;Dr Manhattan
Lenovo;Calle Manhattan;3333430;Dr Manhattan
Lenovo;Calle Manhattan;3333431;Dr Manhattan
Lenovo;Calle Manhattan;3333432;Dr Manhattan
Lenovo;Calle Manhattan;3333433;Dr Manhattan
Lenovo;Calle Manhattan;3333434;Dr Manhattan
Lenovo;Calle Manhattan;3333435;Dr Manhattan
Lenovo;Calle Manhattan;3333436;Dr Manhattan
Lenovo;Calle Manhattan;3333437;Dr Manhattan
Lenovo;Calle Manhattan;3333438;Dr Manhattan
Lenovo;Calle Manhattan;3333439;Dr Manhattan
Lenovo;Calle Manhattan;3333440;Dr Manhattan
Lenovo;Calle Manhattan;3333441;Dr Manhattan
Lenovo;Calle Manhattan;3333442;Dr Manhattan
Lenovo;Calle Manhattan;3333443;Dr Manhattan
Lenovo;Calle Manhattan;3333444;Dr Manhattan
Lenovo;Calle Manhattan;3333445;Dr Manhattan
Lenovo;Calle Manhattan;3333446;Dr Manhattan
Lenovo;Calle Manhattan;3333447;Dr Manhattan
Lenovo;Calle Manhattan;3333448;Dr Manhattan
Lenovo;Calle Manhattan;3333449;Dr Manhattan
Lenovo;Calle Manhattan;3333450;Dr Manhattan
Lenovo;Calle Manhattan;3333451;Dr Manhattan
Lenovo;Calle Manhattan;3333452;Dr Manhattan
Lenovo;Calle Manhattan;3333453;Dr Manhattan
Lenovo;Calle Manhattan;3333454;Dr Manhattan
Lenovo;Calle Manhattan;3333455;Dr Manhattan
Lenovo;Calle Manhattan;3333456;Dr Manhattan
Lenovo;Calle Manhattan;3333457;Dr Manhattan
Lenovo;Calle Manhattan;3333458;Dr Manhattan
Lenovo;Calle Manhattan;3333459;Dr Manhattan
Lenovo;Calle Manhattan;3333460;Dr Manhattan
Lenovo;Calle Manhattan;3333461;Dr Manhattan
Lenovo;Calle Manhattan;3333462;Dr Manhattan
Lenovo;Calle Manhattan;3333463;Dr Manhattan
Lenovo;Calle Manhattan;3333464;Dr Manhattan
Lenovo;Calle Manhattan;3333465;Dr Manhattan
Lenovo;Calle Manhattan;3333466;Dr Manhattan
Lenovo;Calle Manhattan;3333467;Dr Manhattan
Lenovo;Calle Manhattan;3333468;Dr Manhattan
Lenovo;Calle Manhattan;3333469;Dr Manhattan
Lenovo;Calle Manhattan;3333470;Dr Manhattan
Lenovo;Calle Manhattan;3333471;Dr Manhattan
Lenovo;Calle Manhattan;3333472;Dr Manhattan
Lenovo;Calle Manhattan;3333473;Dr Manhattan
Lenovo;Calle Manhattan;3333474;Dr Manhattan
Lenovo;Calle Manhattan;3333475;Dr Manhattan
Lenovo;Calle Manhattan;3333476;Dr Manhattan
Lenovo;Calle Manhattan;3333477;Dr Manhattan
Lenovo;Calle Manhattan;3333478;Dr Manhattan
Lenovo;Calle Manhattan;3333479;Dr Manhattan
Lenovo;Calle Manhattan;3333480;Dr Manhattan
Lenovo;Calle Manhattan;3333481;Dr Manhattan
Lenovo;Calle Manhattan;3333482;Dr Manhattan
Lenovo;Calle Manhattan;3333483;Dr Manhattan
Lenovo;Calle Manhattan;3333484;Dr Manhattan
Lenovo;Calle Manhattan;3333485;Dr Manhattan
Lenovo;Calle Manhattan;3333486;Dr Manhattan
Lenovo;Calle Manhattan;3333487;Dr Manhattan
Lenovo;Calle Manhattan;3333488;Dr Manhattan
Lenovo;Calle Manhattan;3333489;Dr Manhattan
Lenovo;Calle Manhattan;3333490;Dr Manhattan
Lenovo;Calle Manhattan;3333491;Dr Manhattan
Lenovo;Calle Manhattan;3333492;Dr Manhattan
Lenovo;Calle Manhattan;3333493;Dr Manhattan
Lenovo;Calle Manhattan;3333494;Dr Manhattan
Lenovo;Calle Manhattan;3333495;Dr Manhattan
Lenovo;Calle Manhattan;3333496;Dr Manhattan
Lenovo;Calle Manhattan;3333497;Dr Manhattan
Lenovo;Calle Manhattan;3333498;Dr Manhattan
Lenovo;Calle Manhattan;3333499;Dr Manhattan
Lenovo;Calle Manhattan;3333500;Dr Manhattan
Lenovo;Calle Manhattan;3333501;Dr Manhattan
Lenovo;Calle Manhattan;3333502;Dr Manhattan
Lenovo;Calle Manhattan;3333503;Dr Manhattan
Lenovo;Calle Manhattan;3333504;Dr Manhattan
Lenovo;Calle Manhattan;3333505;Dr Manhattan
Lenovo;Calle Manhattan;3333506;Dr Manhattan
Lenovo;Calle Manhattan;3333507;Dr Manhattan
Lenovo;Calle Manhattan;3333508;Dr Manhattan
Lenovo;Calle Manhattan;3333509;Dr Manhattan
Lenovo;Calle Manhattan;3333510;Dr Manhattan
Lenovo;Calle Manhattan;3333511;Dr Manhattan
Lenovo;Calle Manhattan;3333512;Dr Manhattan
Lenovo;Calle Manhattan;3333513;Dr Manhattan
Lenovo;Calle Manhattan;3333514;Dr Manhattan
Lenovo;Calle Manhattan;3333515;Dr Manhattan
Lenovo;Calle Manhattan;3333516;Dr Manhattan
Lenovo;Calle Manhattan;3333517;Dr Manhattan
Lenovo;Calle Manhattan;3333518;Dr Manhattan
Lenovo;Calle Manhattan;3333519;Dr Manhattan
Lenovo;Calle Manhattan;3333520;Dr Manhattan
Lenovo;Calle Manhattan;3333521;Dr Manhattan
Lenovo;Calle Manhattan;3333522;Dr Manhattan
Lenovo;Calle Manhattan;3333523;Dr Manhattan
Lenovo;Calle Manhattan;3333524;Dr Manhattan
Lenovo;Calle Manhattan;3333525;Dr Manhattan
Lenovo;Calle Manhattan;3333526;Dr Manhattan
Lenovo;Calle Manhattan;3333527;Dr Manhattan
Lenovo;Calle Manhattan;3333528;Dr Manhattan
Lenovo;Calle Manhattan;3333529;Dr Manhattan
Lenovo;Calle Manhattan;3333530;Dr Manhattan
Lenovo;Calle Manhattan;3333531;Dr Manhattan
Lenovo;Calle Manhattan;3333532;Dr Manhattan
Lenovo;Calle Manhattan;3333533;Dr Manhattan
Lenovo;Calle Manhattan;3333534;Dr Manhattan
Lenovo;Calle Manhattan;3333535;Dr Manhattan
Lenovo;Calle Manhattan;3333536;Dr Manhattan
Lenovo;Calle Manhattan;3333537;Dr Manhattan
Lenovo;Calle Manhattan;3333538;Dr Manhattan
Lenovo;Calle Manhattan;3333539;Dr Manhattan
Lenovo;Calle Manhattan;3333540;Dr Manhattan
Lenovo;Calle Manhattan;3333541;Dr Manhattan
Lenovo;Calle Manhattan;3333542;Dr Manhattan
Lenovo;Calle Manhattan;3333543;Dr Manhattan
Lenovo;Calle Manhattan;3333544;Dr Manhattan
Lenovo;Calle Manhattan;3333545;Dr Manhattan
Lenovo;Calle Manhattan;3333546;Dr Manhattan
Lenovo;Calle Manhattan;3333547;Dr Manhattan
Lenovo;Calle Manhattan;3333548;Dr Manhattan
Lenovo;Calle Manhattan;3333549;Dr Manhattan
Lenovo;Calle Manhattan;3333550;Dr Manhattan
Lenovo;Calle Manhattan;3333551;Dr Manhattan
Lenovo;Calle Manhattan;3333552;Dr Manhattan
Lenovo;Calle Manhattan;3333553;Dr Manhattan
Lenovo;Calle Manhattan;3333554;Dr Manhattan
Lenovo;Calle Manhattan;3333555;Dr Manhattan
Lenovo;Calle Manhattan;3333556;Dr Manhattan
Lenovo;Calle Manhattan;3333557;Dr Manhattan
Lenovo;Calle Manhattan;3333558;Dr Manhattan
Lenovo;Calle Manhattan;3333559;Dr Manhattan
Lenovo;Calle Manhattan;3333560;Dr Manhattan
Lenovo;Calle Manhattan;3333561;Dr Manhattan
Lenovo;Calle Manhattan;3333562;Dr Manhattan
Lenovo;Calle Manhattan;3333563;Dr Manhattan
Lenovo;Calle Manhattan;3333564;Dr Manhattan
Lenovo;Calle Manhattan;3333565;Dr Manhattan
Lenovo;Calle Manhattan;3333566;Dr Manhattan
Lenovo;Calle Manhattan;3333567;Dr Manhattan
Lenovo;Calle Manhattan;3333568;Dr Manhattan
Lenovo;Calle Manhattan;3333569;Dr Manhattan
Lenovo;Calle Manhattan;3333570;Dr Manhattan
Lenovo;Calle Manhattan;3333571;Dr Manhattan
Lenovo;Calle Manhattan;3333572;Dr Manhattan
Lenovo;Calle Manhattan;3333573;Dr Manhattan
Lenovo;Calle Manhattan;3333574;Dr Manhattan
Lenovo;Calle Manhattan;3333575;Dr Manhattan
Lenovo;Calle Manhattan;3333576;Dr Manhattan
Lenovo;Calle Manhattan;3333577;Dr Manhattan
Lenovo;Calle Manhattan;3333578;Dr Manhattan
Lenovo;Calle Manhattan;3333579;Dr Manhattan
Lenovo;Calle Manhattan;3333580;Dr Manhattan
Lenovo;Calle Manhattan;3333581;Dr Manhattan
Lenovo;Calle Manhattan;3333582;Dr Manhattan
Lenovo;Calle Manhattan;3333583;Dr Manhattan
Lenovo;Calle Manhattan;3333584;Dr Manhattan
Lenovo;Calle Manhattan;3333585;Dr Manhattan
Lenovo;Calle Manhattan;3333586;Dr Manhattan
Lenovo;Calle Manhattan;3333587;Dr Manhattan
Lenovo;Calle Manhattan;3333588;Dr Manhattan
Lenovo;Calle Manhattan;3333589;Dr Manhattan
Lenovo;Calle Manhattan;3333590;Dr Manhattan
Lenovo;Calle Manhattan;3333591;Dr Manhattan
Lenovo;Calle Manhattan;3333592;Dr Manhattan
Lenovo;Calle Manhattan;3333593;Dr Manhattan
Lenovo;Calle Manhattan;3333594;Dr Manhattan
Lenovo;Calle Manhattan;3333595;Dr Manhattan
Lenovo;Calle Manhattan;3333596;Dr Manhattan
Lenovo;Calle Manhattan;3333597;Dr Manhattan
Lenovo;Calle Manhattan;3333598;Dr Manhattan
Lenovo;Calle Manhattan;3333599;Dr Manhattan
Lenovo;Calle Manhattan;3333600;Dr Manhattan
Lenovo;Calle Manhattan;3333601;Dr Manhattan
Lenovo;Calle Manhattan;3333602;Dr Manhattan
Lenovo;Calle Manhattan;3333603;Dr Manhattan
Lenovo;Calle Manhattan;3333604;Dr Manhattan
Lenovo;Calle Manhattan;3333605;Dr Manhattan
Lenovo;Calle Manhattan;3333606;Dr Manhattan
Lenovo;Calle Manhattan;3333607;Dr Manhattan
Lenovo;Calle Manhattan;3333608;Dr Manhattan
Lenovo;Calle Manhattan;3333609;Dr Manhattan
Lenovo;Calle Manhattan;3333610;Dr Manhattan
Lenovo;Calle Manhattan;3333611;Dr Manhattan
Lenovo;Calle Manhattan;3333612;Dr Manhattan
Lenovo;Calle Manhattan;3333613;Dr Manhattan
Lenovo;Calle Manhattan;3333614;Dr Manhattan
Lenovo;Calle Manhattan;3333615;Dr Manhattan
Lenovo;Calle Manhattan;3333616;Dr Manhattan
Lenovo;Calle Manhattan;3333617;Dr Manhattan
Lenovo;Calle Manhattan;3333618;Dr Manhattan
Lenovo;Calle Manhattan;3333619;Dr Manhattan
Lenovo;Calle Manhattan;3333620;Dr Manhattan
Lenovo;Calle Manhattan;3333621;Dr Manhattan
Lenovo;Calle Manhattan;3333622;Dr Manhattan
Lenovo;Calle Manhattan;3333623;Dr Manhattan
Lenovo;Calle Manhattan;3333624;Dr Manhattan
Lenovo;Calle Manhattan;3333625;Dr Manhattan
Lenovo;Calle Manhattan;3333626;Dr Manhattan
Lenovo;Calle Manhattan;3333627;Dr Manhattan
Lenovo;Calle Manhattan;3333628;Dr Manhattan
Lenovo;Calle Manhattan;3333629;Dr Manhattan
Lenovo;Calle Manhattan;3333630;Dr Manhattan
Lenovo;Calle Manhattan;3333631;Dr Manhattan
Lenovo;Calle Manhattan;3333632;Dr Manhattan
Lenovo;Calle Manhattan;3333633;Dr Manhattan
Lenovo;Calle Manhattan;3333634;Dr Manhattan
Lenovo;Calle Manhattan;3333635;Dr Manhattan
Lenovo;Calle Manhattan;3333636;Dr Manhattan
Lenovo;Calle Manhattan;3333637;Dr Manhattan
Lenovo;Calle Manhattan;3333638;Dr Manhattan
Lenovo;Calle Manhattan;3333639;Dr Manhattan
Lenovo;Calle Manhattan;3333640;Dr Manhattan
Lenovo;Calle Manhattan;3333641;Dr Manhattan
Lenovo;Calle Manhattan;3333642;Dr Manhattan
Lenovo;Calle Manhattan;3333643;Dr Manhattan
Lenovo;Calle Manhattan;3333644;Dr Manhattan
Lenovo;Calle Manhattan;3333645;Dr Manhattan
Lenovo;Calle Manhattan;3333646;Dr Manhattan
Lenovo;Calle Manhattan;3333647;Dr Manhattan
Lenovo;Calle Manhattan;3333648;Dr Manhattan
Lenovo;Calle Manhattan;3333649;Dr Manhattan
Lenovo;Calle Manhattan;3333650;Dr Manhattan
Lenovo;Calle Manhattan;3333651;Dr Manhattan
Lenovo;Calle Manhattan;3333652;Dr Manhattan
Lenovo;Calle Manhattan;3333653;Dr Manhattan
Lenovo;Calle Manhattan;3333654;Dr Manhattan
Lenovo;Calle Manhattan;3333655;Dr Manhattan
Lenovo;Calle Manhattan;3333656;Dr Manhattan
Lenovo;Calle Manhattan;3333657;Dr Manhattan
Lenovo;Calle Manhattan;3333658;Dr Manhattan
Lenovo;Calle Manhattan;3333659;Dr Manhattan
Lenovo;Calle Manhattan;3333660;Dr Manhattan
Lenovo;Calle Manhattan;3333661;Dr Manhattan
Lenovo;Calle Manhattan;3333662;Dr Manhattan
Lenovo;Calle Manhattan;3333663;Dr Manhattan
Lenovo;Calle Manhattan;3333664;Dr Manhattan
Lenovo;Calle Manhattan;3333665;Dr Manhattan
Lenovo;Calle Manhattan;3333666;Dr Manhattan
Lenovo;Calle Manhattan;3333667;Dr Manhattan
Lenovo;Calle Manhattan;3333668;Dr Manhattan
Lenovo;Calle Manhattan;3333669;Dr Manhattan
Lenovo;Calle Manhattan;3333670;Dr Manhattan
Lenovo;Calle Manhattan;3333671;Dr Manhattan
Lenovo;Calle Manhattan;3333672;Dr Manhattan
Lenovo;Calle Manhattan;3333673;Dr Manhattan
Lenovo;Calle Manhattan;3333674;Dr Manhattan
Lenovo;Calle Manhattan;3333675;Dr Manhattan
Lenovo;Calle Manhattan;3333676;Dr Manhattan
Lenovo;Calle Manhattan;3333677;Dr Manhattan
Lenovo;Calle Manhattan;3333678;Dr Manhattan
Lenovo;Calle Manhattan;3333679;Dr Manhattan
Lenovo;Calle Manhattan;3333680;Dr Manhattan
Lenovo;Calle Manhattan;3333681;Dr Manhattan
Lenovo;Calle Manhattan;3333682;Dr Manhattan
Lenovo;Calle Manhattan;3333683;Dr Manhattan
Lenovo;Calle Manhattan;3333684;Dr Manhattan
Lenovo;Calle Manhattan;3333685;Dr Manhattan
Lenovo;Calle Manhattan;3333686;Dr Manhattan
Lenovo;Calle Manhattan;3333687;Dr Manhattan
Lenovo;Calle Manhattan;3333688;Dr Manhattan
Lenovo;Calle Manhattan;3333689;Dr Manhattan
Lenovo;Calle Manhattan;3333690;Dr Manhattan
Lenovo;Calle Manhattan;3333691;Dr Manhattan
Lenovo;Calle Manhattan;3333692;Dr Manhattan
Lenovo;Calle Manhattan;3333693;Dr Manhattan
Lenovo;Calle Manhattan;3333694;Dr Manhattan
Lenovo;Calle Manhattan;3333695;Dr Manhattan
Lenovo;Calle Manhattan;3333696;Dr Manhattan
Lenovo;Calle Manhattan;3333697;Dr Manhattan
Lenovo;Calle Manhattan;3333698;Dr Manhattan
Lenovo;Calle Manhattan;3333699;Dr Manhattan
Lenovo;Calle Manhattan;3333700;Dr Manhattan
Lenovo;Calle Manhattan;3333701;Dr Manhattan
Lenovo;Calle Manhattan;3333702;Dr Manhattan
Lenovo;Calle Manhattan;3333703;Dr Manhattan
Lenovo;Calle Manhattan;3333704;Dr Manhattan
Lenovo;Calle Manhattan;3333705;Dr Manhattan
Lenovo;Calle Manhattan;3333706;Dr Manhattan
Lenovo;Calle Manhattan;3333707;Dr Manhattan
Lenovo;Calle Manhattan;3333708;Dr Manhattan
Lenovo;Calle Manhattan;3333709;Dr Manhattan
Lenovo;Calle Manhattan;3333710;Dr Manhattan
Lenovo;Calle Manhattan;3333711;Dr Manhattan
Lenovo;Calle Manhattan;3333712;Dr Manhattan
Lenovo;Calle Manhattan;3333713;Dr Manhattan
Lenovo;Calle Manhattan;3333714;Dr Manhattan
Lenovo;Calle Manhattan;3333715;Dr Manhattan
Lenovo;Calle Manhattan;3333716;Dr Manhattan
Lenovo;Calle Manhattan;3333717;Dr Manhattan
Lenovo;Calle Manhattan;3333718;Dr Manhattan
Lenovo;Calle Manhattan;3333719;Dr Manhattan
Lenovo;Calle Manhattan;3333720;Dr Manhattan
Lenovo;Calle Manhattan;3333721;Dr Manhattan
Lenovo;Calle Manhattan;3333722;Dr Manhattan
Lenovo;Calle Manhattan;3333723;Dr Manhattan
Lenovo;Calle Manhattan;3333724;Dr Manhattan
Lenovo;Calle Manhattan;3333725;Dr Manhattan
Lenovo;Calle Manhattan;3333726;Dr Manhattan
Lenovo;Calle Manhattan;3333727;Dr Manhattan
Lenovo;Calle Manhattan;3333728;Dr Manhattan
Lenovo;Calle Manhattan;3333729;Dr Manhattan
Lenovo;Calle Manhattan;3333730;Dr Manhattan
Lenovo;Calle Manhattan;3333731;Dr Manhattan
Lenovo;Calle Manhattan;3333732;Dr Manhattan
Lenovo;Calle Manhattan;3333733;Dr Manhattan
Lenovo;Calle Manhattan;3333734;Dr Manhattan
Lenovo;Calle Manhattan;3333735;Dr Manhattan
Lenovo;Calle Manhattan;3333736;Dr Manhattan
Lenovo;Calle Manhattan;3333737;Dr Manhattan
Lenovo;Calle Manhattan;3333738;Dr Manhattan
Lenovo;Calle Manhattan;3333739;Dr Manhattan
Lenovo;Calle Manhattan;3333740;Dr Manhattan
Lenovo;Calle Manhattan;3333741;Dr Manhattan
Lenovo;Calle Manhattan;3333742;Dr Manhattan
Lenovo;Calle Manhattan;3333743;Dr Manhattan
Lenovo;Calle Manhattan;3333744;Dr Manhattan
Lenovo;Calle Manhattan;3333745;Dr Manhattan
Lenovo;Calle Manhattan;3333746;Dr Manhattan
Lenovo;Calle Manhattan;3333747;Dr Manhattan
Lenovo;Calle Manhattan;3333748;Dr Manhattan
Lenovo;Calle Manhattan;3333749;Dr Manhattan
Lenovo;Calle Manhattan;3333750;Dr Manhattan
Lenovo;Calle Manhattan;3333751;Dr Manhattan
Lenovo;Calle Manhattan;3333752;Dr Manhattan
Lenovo;Calle Manhattan;3333753;Dr Manhattan
Lenovo;Calle Manhattan;3333754;Dr Manhattan
Lenovo;Calle Manhattan;3333755;Dr Manhattan
Lenovo;Calle Manhattan;3333756;Dr Manhattan
Lenovo;Calle Manhattan;3333757;Dr Manhattan
Lenovo;Calle Manhattan;3333758;Dr Manhattan
Lenovo;Calle Manhattan;3333759;Dr Manhattan
Lenovo;Calle Manhattan;3333760;Dr Manhattan
Lenovo;Calle Manhattan;3333761;Dr Manhattan
Lenovo;Calle Manhattan;3333762;Dr Manhattan
Lenovo;Calle Manhattan;3333763;Dr Manhattan
Lenovo;Calle Manhattan;3333764;Dr Manhattan
Lenovo;Calle Manhattan;3333765;Dr Manhattan
Lenovo;Calle Manhattan;3333766;Dr Manhattan
Lenovo;Calle Manhattan;3333767;Dr Manhattan
Lenovo;Calle Manhattan;3333768;Dr Manhattan
Lenovo;Calle Manhattan;3333769;Dr Manhattan
Lenovo;Calle Manhattan;3333770;Dr Manhattan
Lenovo;Calle Manhattan;3333771;Dr Manhattan
Lenovo;Calle Manhattan;3333772;Dr Manhattan
Lenovo;Calle Manhattan;3333773;Dr Manhattan
Lenovo;Calle Manhattan;3333774;Dr Manhattan
Lenovo;Calle Manhattan;3333775;Dr Manhattan
Lenovo;Calle Manhattan;3333776;Dr Manhattan
Lenovo;Calle Manhattan;3333777;Dr Manhattan
Lenovo;Calle Manhattan;3333778;Dr Manhattan
Lenovo;Calle Manhattan;3333779;Dr Manhattan
Lenovo;Calle Manhattan;3333780;Dr Manhattan
Lenovo;Calle Manhattan;3333781;Dr Manhattan
Lenovo;Calle Manhattan;3333782;Dr Manhattan
Lenovo;Calle Manhattan;3333783;Dr Manhattan
Lenovo;Calle Manhattan;3333784;Dr Manhattan
Lenovo;Calle Manhattan;3333785;Dr Manhattan
Lenovo;Calle Manhattan;3333786;Dr Manhattan
Lenovo;Calle Manhattan;3333787;Dr Manhattan
Lenovo;Calle Manhattan;3333788;Dr Manhattan
Lenovo;Calle Manhattan;3333789;Dr Manhattan
Lenovo;Calle Manhattan;3333790;Dr Manhattan
Lenovo;Calle Manhattan;3333791;Dr Manhattan
Lenovo;Calle Manhattan;3333792;Dr Manhattan
Lenovo;Calle Manhattan;3333793;Dr Manhattan
Lenovo;Calle Manhattan;3333794;Dr Manhattan
Lenovo;Calle Manhattan;3333795;Dr Manhattan
Lenovo;Calle Manhattan;3333796;Dr Manhattan
Lenovo;Calle Manhattan;3333797;Dr Manhattan
Lenovo;Calle Manhattan;3333798;Dr Manhattan
Lenovo;Calle Manhattan;3333799;Dr Manhattan
Lenovo;Calle Manhattan;3333800;Dr Manhattan
Lenovo;Calle Manhattan;3333801;Dr Manhattan
Lenovo;Calle Manhattan;3333802;Dr Manhattan
Lenovo;Calle Manhattan;3333803;Dr Manhattan
Lenovo;Calle Manhattan;3333804;Dr Manhattan
Lenovo;Calle Manhattan;3333805;Dr Manhattan
Lenovo;Calle Manhattan;3333806;Dr Manhattan
Lenovo;Calle Manhattan;3333807;Dr Manhattan
Lenovo;Calle Manhattan;3333808;Dr Manhattan
Lenovo;Calle Manhattan;3333809;Dr Manhattan
Lenovo;Calle Manhattan;3333810;Dr Manhattan
Lenovo;Calle Manhattan;3333811;Dr Manhattan
Lenovo;Calle Manhattan;3333812;Dr Manhattan
Lenovo;Calle Manhattan;3333813;Dr Manhattan
Lenovo;Calle Manhattan;3333814;Dr Manhattan
Lenovo;Calle Manhattan;3333815;Dr Manhattan
Lenovo;Calle Manhattan;3333816;Dr Manhattan
Lenovo;Calle Manhattan;3333817;Dr Manhattan
Lenovo;Calle Manhattan;3333818;Dr Manhattan
Lenovo;Calle Manhattan;3333819;Dr Manhattan
Lenovo;Calle Manhattan;3333820;Dr Manhattan
Lenovo;Calle Manhattan;3333821;Dr Manhattan
Lenovo;Calle Manhattan;3333822;Dr Manhattan
Lenovo;Calle Manhattan;3333823;Dr Manhattan
Lenovo;Calle Manhattan;3333824;Dr Manhattan
Lenovo;Calle Manhattan;3333825;Dr Manhattan
Lenovo;Calle Manhattan;3333826;Dr Manhattan
Lenovo;Calle Manhattan;3333827;Dr Manhattan
Lenovo;Calle Manhattan;3333828;Dr Manhattan
Lenovo;Calle Manhattan;3333829;Dr Manhattan
Lenovo;Calle Manhattan;3333830;Dr Manhattan
Lenovo;Calle Manhattan;3333831;Dr Manhattan
Lenovo;Calle Manhattan;3333832;Dr Manhattan
Lenovo;Calle Manhattan;3333833;Dr Manhattan
Lenovo;Calle Manhattan;3333834;Dr Manhattan
Lenovo;Calle Manhattan;3333835;Dr Manhattan
Lenovo;Calle Manhattan;3333836;Dr Manhattan
Lenovo;Calle Manhattan;3333837;Dr Manhattan
Lenovo;Calle Manhattan;3333838;Dr Manhattan
Lenovo;Calle Manhattan;3333839;Dr Manhattan
Lenovo;Calle Manhattan;3333840;Dr Manhattan
Lenovo;Calle Manhattan;3333841;Dr Manhattan
Lenovo;Calle Manhattan;3333842;Dr Manhattan
Lenovo;Calle Manhattan;3333843;Dr Manhattan
Lenovo;Calle Manhattan;3333844;Dr Manhattan
Lenovo;Calle Manhattan;3333845;Dr Manhattan
Lenovo;Calle Manhattan;3333846;Dr Manhattan
Lenovo;Calle Manhattan;3333847;Dr Manhattan
Lenovo;Calle Manhattan;3333848;Dr Manhattan
Lenovo;Calle Manhattan;3333849;Dr Manhattan
Lenovo;Calle Manhattan;3333850;Dr Manhattan
Lenovo;Calle Manhattan;3333851;Dr Manhattan
Lenovo;Calle Manhattan;3333852;Dr Manhattan
Lenovo;Calle Manhattan;3333853;Dr Manhattan
Lenovo;Calle Manhattan;3333854;Dr Manhattan
Lenovo;Calle Manhattan;3333855;Dr Manhattan
Lenovo;Calle Manhattan;3333856;Dr Manhattan
Lenovo;Calle Manhattan;3333857;Dr Manhattan
Lenovo;Calle Manhattan;3333858;Dr Manhattan
Lenovo;Calle Manhattan;3333859;Dr Manhattan
Lenovo;Calle Manhattan;3333860;Dr Manhattan
Lenovo;Calle Manhattan;3333861;Dr Manhattan
Lenovo;Calle Manhattan;3333862;Dr Manhattan
Lenovo;Calle Manhattan;3333863;Dr Manhattan
Lenovo;Calle Manhattan;3333864;Dr Manhattan
Lenovo;Calle Manhattan;3333865;Dr Manhattan
Lenovo;Calle Manhattan;3333866;Dr Manhattan
Lenovo;Calle Manhattan;3333867;Dr Manhattan
Lenovo;Calle Manhattan;3333868;Dr Manhattan
Lenovo;Calle Manhattan;3333869;Dr Manhattan
Lenovo;Calle Manhattan;3333870;Dr Manhattan
Lenovo;Calle Manhattan;3333871;Dr Manhattan
Lenovo;Calle Manhattan;3333872;Dr Manhattan
Lenovo;Calle Manhattan;3333873;Dr Manhattan
Lenovo;Calle Manhattan;3333874;Dr Manhattan
Lenovo;Calle Manhattan;3333875;Dr Manhattan
Lenovo;Calle Manhattan;3333876;Dr Manhattan
Lenovo;Calle Manhattan;3333877;Dr Manhattan
Lenovo;Calle Manhattan;3333878;Dr Manhattan
Lenovo;Calle Manhattan;3333879;Dr Manhattan
Lenovo;Calle Manhattan;3333880;Dr Manhattan
Lenovo;Calle Manhattan;3333881;Dr Manhattan
Lenovo;Calle Manhattan;3333882;Dr Manhattan
Lenovo;Calle Manhattan;3333883;Dr Manhattan
Lenovo;Calle Manhattan;3333884;Dr Manhattan
Lenovo;Calle Manhattan;3333885;Dr Manhattan
Lenovo;Calle Manhattan;3333886;Dr Manhattan
Lenovo;Calle Manhattan;3333887;Dr Manhattan
Lenovo;Calle Manhattan;3333888;Dr Manhattan
Lenovo;Calle Manhattan;3333889;Dr Manhattan
Lenovo;Calle Manhattan;3333890;Dr Manhattan
Lenovo;Calle Manhattan;3333891;Dr Manhattan
Lenovo;Calle Manhattan;3333892;Dr Manhattan
Lenovo;Calle Manhattan;3333893;Dr Manhattan
Lenovo;Calle Manhattan;3333894;Dr Manhattan
Lenovo;Calle Manhattan;3333895;Dr Manhattan
Lenovo;Calle Manhattan;3333896;Dr Manhattan
Lenovo;Calle Manhattan;3333897;Dr Manhattan
Lenovo;Calle Manhattan;3333898;Dr Manhattan
Lenovo;Calle Manhattan;3333899;Dr Manhattan
Lenovo;Calle Manhattan;3333900;Dr Manhattan
Lenovo;Calle Manhattan;3333901;Dr Manhattan
Lenovo;Calle Manhattan;3333902;Dr Manhattan
Lenovo;Calle Manhattan;3333903;Dr Manhattan
Lenovo;Calle Manhattan;3333904;Dr Manhattan
Lenovo;Calle Manhattan;3333905;Dr Manhattan
Lenovo;Calle Manhattan;3333906;Dr Manhattan
Lenovo;Calle Manhattan;3333907;Dr Manhattan
Lenovo;Calle Manhattan;3333908;Dr Manhattan
Lenovo;Calle Manhattan;3333909;Dr Manhattan
Lenovo;Calle Manhattan;3333910;Dr Manhattan
Lenovo;Calle Manhattan;3333911;Dr Manhattan
Lenovo;Calle Manhattan;3333912;Dr Manhattan
Lenovo;Calle Manhattan;3333913;Dr Manhattan
Lenovo;Calle Manhattan;3333914;Dr Manhattan
Lenovo;Calle Manhattan;3333915;Dr Manhattan
Lenovo;Calle Manhattan;3333916;Dr Manhattan
Lenovo;Calle Manhattan;3333917;Dr Manhattan
Lenovo;Calle Manhattan;3333918;Dr Manhattan
Lenovo;Calle Manhattan;3333919;Dr Manhattan
Lenovo;Calle Manhattan;3333920;Dr Manhattan
Lenovo;Calle Manhattan;3333921;Dr Manhattan
Lenovo;Calle Manhattan;3333922;Dr Manhattan
Lenovo;Calle Manhattan;3333923;Dr Manhattan
Lenovo;Calle Manhattan;3333924;Dr Manhattan
Lenovo;Calle Manhattan;3333925;Dr Manhattan
Lenovo;Calle Manhattan;3333926;Dr Manhattan
Lenovo;Calle Manhattan;3333927;Dr Manhattan
Lenovo;Calle Manhattan;3333928;Dr Manhattan
Lenovo;Calle Manhattan;3333929;Dr Manhattan
Lenovo;Calle Manhattan;3333930;Dr Manhattan
Lenovo;Calle Manhattan;3333931;Dr Manhattan
Lenovo;Calle Manhattan;3333932;Dr Manhattan
Lenovo;Calle Manhattan;3333933;Dr Manhattan
Lenovo;Calle Manhattan;3333934;Dr Manhattan
Lenovo;Calle Manhattan;3333935;Dr Manhattan
Lenovo;Calle Manhattan;3333936;Dr Manhattan
Lenovo;Calle Manhattan;3333937;Dr Manhattan
Lenovo;Calle Manhattan;3333938;Dr Manhattan
Lenovo;Calle Manhattan;3333939;Dr Manhattan
Lenovo;Calle Manhattan;3333940;Dr Manhattan
Lenovo;Calle Manhattan;3333941;Dr Manhattan
Lenovo;Calle Manhattan;3333942;Dr Manhattan
Lenovo;Calle Manhattan;3333943;Dr Manhattan
Lenovo;Calle Manhattan;3333944;Dr Manhattan
Lenovo;Calle Manhattan;3333945;Dr Manhattan
Lenovo;Calle Manhattan;3333946;Dr Manhattan
Lenovo;Calle Manhattan;3333947;Dr Manhattan
Lenovo;Calle Manhattan;3333948;Dr Manhattan
Lenovo;Calle Manhattan;3333949;Dr Manhattan
Lenovo;Calle Manhattan;3333950;Dr Manhattan
Lenovo;Calle Manhattan;3333951;Dr Manhattan
Lenovo;Calle Manhattan;3333952;Dr Manhattan
Lenovo;Calle Manhattan;3333953;Dr Manhattan
Lenovo;Calle Manhattan;3333954;Dr Manhattan
Lenovo;Calle Manhattan;3333955;Dr Manhattan
Lenovo;Calle Manhattan;3333956;Dr Manhattan
Lenovo;Calle Manhattan;3333957;Dr Manhattan
Lenovo;Calle Manhattan;3333958;Dr Manhattan
Lenovo;Calle Manhattan;3333959;Dr Manhattan
Lenovo;Calle Manhattan;3333960;Dr Manhattan
Lenovo;Calle Manhattan;3333961;Dr Manhattan
Lenovo;Calle Manhattan;3333962;Dr Manhattan
Lenovo;Calle Manhattan;3333963;Dr Manhattan
Lenovo;Calle Manhattan;3333964;Dr Manhattan
Lenovo;Calle Manhattan;3333965;Dr Manhattan
Lenovo;Calle Manhattan;3333966;Dr Manhattan
Lenovo;Calle Manhattan;3333967;Dr Manhattan
Lenovo;Calle Manhattan;3333968;Dr Manhattan
Lenovo;Calle Manhattan;3333969;Dr Manhattan
Lenovo;Calle Manhattan;3333970;Dr Manhattan
Lenovo;Calle Manhattan;3333971;Dr Manhattan
Lenovo;Calle Manhattan;3333972;Dr Manhattan
Lenovo;Calle Manhattan;3333973;Dr Manhattan
Lenovo;Calle Manhattan;3333974;Dr Manhattan
Lenovo;Calle Manhattan;3333975;Dr Manhattan
Lenovo;Calle Manhattan;3333976;Dr Manhattan
Lenovo;Calle Manhattan;3333977;Dr Manhattan
Lenovo;Calle Manhattan;3333978;Dr Manhattan
Lenovo;Calle Manhattan;3333979;Dr Manhattan
Lenovo;Calle Manhattan;3333980;Dr Manhattan
Lenovo;Calle Manhattan;3333981;Dr Manhattan
Lenovo;Calle Manhattan;3333982;Dr Manhattan
Lenovo;Calle Manhattan;3333983;Dr Manhattan
Lenovo;Calle Manhattan;3333984;Dr Manhattan
Lenovo;Calle Manhattan;3333985;Dr Manhattan
Lenovo;Calle Manhattan;3333986;Dr Manhattan
Lenovo;Calle Manhattan;3333987;Dr Manhattan
Lenovo;Calle Manhattan;3333988;Dr Manhattan
Lenovo;Calle Manhattan;3333989;Dr Manhattan
Lenovo;Calle Manhattan;3333990;Dr Manhattan
Lenovo;Calle Manhattan;3333991;Dr Manhattan
Lenovo;Calle Manhattan;3333992;Dr Manhattan
Lenovo;Calle Manhattan;3333993;Dr Manhattan
Lenovo;Calle Manhattan;3333994;Dr Manhattan
Lenovo;Calle Manhattan;3333995;Dr Manhattan
Lenovo;Calle Manhattan;3333996;Dr Manhattan
Lenovo;Calle Manhattan;3333997;Dr Manhattan
Lenovo;Calle Manhattan;3333998;Dr Manhattan
Lenovo;Calle Manhattan;3333999;Dr Manhattan
Lenovo;Calle Manhattan;3334000;Dr Manhattan
Lenovo;Calle Manhattan;3334001;Dr Manhattan
Lenovo;Calle Manhattan;3334002;Dr Manhattan
Lenovo;Calle Manhattan;3334003;Dr Manhattan
Lenovo;Calle Manhattan;3334004;Dr Manhattan
Lenovo;Calle Manhattan;3334005;Dr Manhattan
Lenovo;Calle Manhattan;3334006;Dr Manhattan
Lenovo;Calle Manhattan;3334007;Dr Manhattan
Lenovo;Calle Manhattan;3334008;Dr Manhattan
Lenovo;Calle Manhattan;3334009;Dr Manhattan
Lenovo;Calle Manhattan;3334010;Dr Manhattan
Lenovo;Calle Manhattan;3334011;Dr Manhattan
Lenovo;Calle Manhattan;3334012;Dr Manhattan
Lenovo;Calle Manhattan;3334013;Dr Manhattan
Lenovo;Calle Manhattan;3334014;Dr Manhattan
Lenovo;Calle Manhattan;3334015;Dr Manhattan
Lenovo;Calle Manhattan;3334016;Dr Manhattan
Lenovo;Calle Manhattan;3334017;Dr Manhattan
Lenovo;Calle Manhattan;3334018;Dr Manhattan
Lenovo;Calle Manhattan;3334019;Dr Manhattan
Lenovo;Calle Manhattan;3334020;Dr Manhattan
Lenovo;Calle Manhattan;3334021;Dr Manhattan
Lenovo;Calle Manhattan;3334022;Dr Manhattan
Lenovo;Calle Manhattan;3334023;Dr Manhattan
Lenovo;Calle Manhattan;3334024;Dr Manhattan
Lenovo;Calle Manhattan;3334025;Dr Manhattan
Lenovo;Calle Manhattan;3334026;Dr Manhattan
Lenovo;Calle Manhattan;3334027;Dr Manhattan
Lenovo;Calle Manhattan;3334028;Dr Manhattan
Lenovo;Calle Manhattan;3334029;Dr Manhattan
Lenovo;Calle Manhattan;3334030;Dr Manhattan
Lenovo;Calle Manhattan;3334031;Dr Manhattan
Lenovo;Calle Manhattan;3334032;Dr Manhattan
